"Message",Low,"Kompilacja rozpoczęła się."
"Message",Low,"Projekt „Unnamed_1” (domyślne elementy docelowe):"
"Message",Low,"Kompilowanie przy użyciu wersji narzędzi „4.0”."
"Message",Low,"Element docelowy „PrintILCStartMessage” w pliku „C:\Program Files (x86)\MSBuild\Microsoft\.NetNative\ARM\ilc\IlcInternals.targets” z projektu „C:\Users\gurbi\Desktop\App3\App3\Unnamed_1” (zależy od niego element docelowy „Build”):"
"Message",Low,"Używanie zadania „IlcMessageTask” z zestawu „C:\Program Files (x86)\MSBuild\Microsoft\.NetNative\ARM\ilc\ilc.exe”."
"Message",Low,"Zadanie „IlcMessageTask”"
"Message",High,"Starting .NET Native compilation"
"Message",Low,"Wykonywanie zadania „IlcMessageTask” zakończone."
"Message",Low,"Wykonano kompilowanie elementu docelowego „PrintILCStartMessage” w projekcie „Unnamed_1”."
"Message",Low,"Element docelowy „LogAppContextSwitches” w pliku „C:\Program Files (x86)\MSBuild\Microsoft\.NetNative\ARM\ilc\IlcInternals.targets” z projektu „C:\Users\gurbi\Desktop\App3\App3\Unnamed_1” (zależy od niego element docelowy „SetMainTargetPaths”):"
"Message",Low,"Używanie zadania „Message” z zestawu „Microsoft.Build.Tasks.v4.0, Version=4.0.0.0, Culture=neutral, PublicKeyToken=b03f5f7f11d50a3a”."
"Message",Low,"Zadanie „Message”"
"Message",Normal,"AppContextSwitch: ''"
"Message",Low,"Wykonywanie zadania „Message” zakończone."
"Message",Low,"Wykonano kompilowanie elementu docelowego „LogAppContextSwitches” w projekcie „Unnamed_1”."
"Message",Low,"Element docelowy „SetMainTargetPaths” w pliku „C:\Program Files (x86)\MSBuild\Microsoft\.NetNative\ARM\ilc\IlcInternals.targets” z projektu „C:\Users\gurbi\Desktop\App3\App3\Unnamed_1” (zależy od niego element docelowy „CopyNativeExecutablesToOutput”):"
"Message",Low,"Wykonano kompilowanie elementu docelowego „SetMainTargetPaths” w projekcie „Unnamed_1”."
"Message",Low,"Pominięto element docelowy „GenerateFakeExe” z powodu fałszywego warunku; (!Exists('@(InputILTarget)')) oszacowano jako (!Exists('C:\Users\gurbi\Desktop\App3\App3\obj\ARM\Release\ilc\in\App3.exe'))."
"Message",Low,"Element docelowy „InjectCoreLibTypeForwards” w pliku „C:\Program Files (x86)\MSBuild\Microsoft\.NetNative\ARM\ilc\IlcInternals.targets” z projektu „C:\Users\gurbi\Desktop\App3\App3\Unnamed_1” (zależy od niego element docelowy „RunILTransforms”):"
"Message",Low,"Używanie zadania „MakeDir” z zestawu „Microsoft.Build.Tasks.v4.0, Version=4.0.0.0, Culture=neutral, PublicKeyToken=b03f5f7f11d50a3a”."
"Message",Low,"Zadanie „MakeDir”"
"Message",Normal,"Tworzenie katalogu „C:\Users\gurbi\Desktop\App3\App3\obj\ARM\Release\ilc\intermediate\TransformedCoreLib\”."
"Message",Low,"Wykonywanie zadania „MakeDir” zakończone."
"Message",Low,"Używanie zadania „ILTransformTask” z zestawu „Microsoft.Build.ILTasks”."
"Message",Low,"Zadanie „ILTransformTask”"
"Message",Normal,"Running 'InjectCoreLibTypeForwards' transform, heap at 11 MB."
"Message",Normal,"Running 'InjectCoreLibIReflectableTypeSupport' transform, heap at 41 MB."
"Message",Normal,"Running 'WriteAssemblies' transform, heap at 41 MB."
"Message",Normal,""
"Message",Normal,"Transform summary"
"Message",Normal,"   ms | heap delta | name"
"Message",Normal,"   811 |         19 | WriteAssemblies"
"Message",Normal,"   608 |         30 | InjectCoreLibTypeForwards"
"Message",Normal,"     3 |          0 | InjectCoreLibIReflectableTypeSupport"
"Message",Low,"Wykonywanie zadania „ILTransformTask” zakończone."
"Message",Low,"Wykonano kompilowanie elementu docelowego „InjectCoreLibTypeForwards” w projekcie „Unnamed_1”."
"Message",Low,"Pominięto element docelowy „InjectCoreLibTypeForwards”. Wcześniejsza kompilacja powiodła się."
"Message",Low,"Element docelowy „PreResolveTransforms” w pliku „C:\Program Files (x86)\MSBuild\Microsoft\.NetNative\ARM\ilc\IlcInternals.targets” z projektu „C:\Users\gurbi\Desktop\App3\App3\Unnamed_1” (zależy od niego element docelowy „RunILTransforms”):"
"Message",Low,"Ukończono kompilowanie elementu docelowego „PreResolveTransforms”."
"Message",Low,"Plik wyjściowy „C:\Users\gurbi\Desktop\App3\App3\obj\ARM\Release\ilc\intermediate\PreMergeILTransformed\App3.exe” nie istnieje."
"Message",Low,"Zadanie „MakeDir”"
"Message",Normal,"Tworzenie katalogu „C:\Users\gurbi\Desktop\App3\App3\obj\ARM\Release\ilc\intermediate\PreMergeILTransformed\”."
"Message",Low,"Wykonywanie zadania „MakeDir” zakończone."
"Message",Low,"Używanie zadania „AssemblyClosureTask” z zestawu „Microsoft.Build.ILTasks”."
"Message",Low,"Zadanie „AssemblyClosureTask”"
"Message",Low,"Wykonywanie zadania „AssemblyClosureTask” zakończone."
"Message",Low,"Pominięto zadanie „ILTransformTask” z powodu fałszywego warunku; ('@(PreResolveTransforms)' != '') oszacowano jako ('' != '')."
"Message",Low,"Używanie zadania „Copy” z zestawu „Microsoft.Build.Tasks.v4.0, Version=4.0.0.0, Culture=neutral, PublicKeyToken=b03f5f7f11d50a3a”."
"Message",Low,"Zadanie „Copy”"
"Message",Normal,"Kopiowanie pliku z „C:\Users\gurbi\Desktop\App3\App3\obj\ARM\Release\ilc\in\App3.pdb” do „C:\Users\gurbi\Desktop\App3\App3\obj\ARM\Release\ilc\intermediate\PreMergeILTransformed\App3.pdb”."
"Message",Low,"Wykonywanie zadania „Copy” zakończone."
"Message",Low,"Zadanie „Copy”"
"Message",Normal,"Kopiowanie pliku z „C:\Users\gurbi\Desktop\App3\App3\obj\ARM\Release\ilc\in\App3.exe” do „C:\Users\gurbi\Desktop\App3\App3\obj\ARM\Release\ilc\intermediate\PreMergeILTransformed\App3.exe”."
"Message",Low,"Wykonywanie zadania „Copy” zakończone."
"Message",Low,"Pominięto zadanie „Copy” z powodu fałszywego warunku; ('$(HasMcgPatchDlls)'=='true') oszacowano jako (''=='true')."
"Message",Low,"Wykonano kompilowanie elementu docelowego „PreResolveTransforms” w projekcie „Unnamed_1”."
"Message",Low,"Element docelowy „InitInputResourceName” w pliku „C:\Program Files (x86)\MSBuild\Microsoft\.NetNative\ARM\ilc\IlcInternals.targets” z projektu „C:\Users\gurbi\Desktop\App3\App3\Unnamed_1” (zależy od niego element docelowy „RunILTransforms”):"
"Message",Low,"Pominięto zadanie „ResolveFilePathTask” z powodu fałszywego warunku; ('$(InputPath)' != '' and Exists('$(InputPath)\obj\')) oszacowano jako ('C:\Users\gurbi\Desktop\App3\App3\obj\ARM\Release\ilc\in' != '' and Exists('C:\Users\gurbi\Desktop\App3\App3\obj\ARM\Release\ilc\in\obj\'))."
"Message",Low,"Używanie zadania „ResolveFilePathTask” z zestawu „Microsoft.Build.ILTasks”."
"Message",Low,"Zadanie „ResolveFilePathTask”"
"Message",Low,"Wykonywanie zadania „ResolveFilePathTask” zakończone."
"Message",Low,"Wykonano kompilowanie elementu docelowego „InitInputResourceName” w projekcie „Unnamed_1”."
"Message",Low,"Pominięto element docelowy „PreResolveTransforms”. Wcześniejsza kompilacja powiodła się."
"Message",Low,"Pominięto element docelowy „SetForSharedInputs” z powodu fałszywego warunku; ('$(UseSharedAssemblies)' == 'true') oszacowano jako ('false' == 'true')."
"Message",Low,"Pominięto element docelowy „SetForBuildSharedAssemblies” z powodu fałszywego warunku; ('$(BuildSharedAssemblies)' == 'true') oszacowano jako ('false' == 'true')."
"Message",Low,"Element docelowy „ResolveInitialReferences” w pliku „C:\Program Files (x86)\MSBuild\Microsoft\.NetNative\ARM\ilc\IlcInternals.targets” z projektu „C:\Users\gurbi\Desktop\App3\App3\Unnamed_1” (zależy od niego element docelowy „RunILTransforms”):"
"Message",Low,"Zadanie „ResolveFilePathTask”"
"Message",Low,"Wykonywanie zadania „ResolveFilePathTask” zakończone."
"Message",Low,"Zadanie „ResolveFilePathTask”"
"Message",Low,"Wykonywanie zadania „ResolveFilePathTask” zakończone."
"Message",Low,"Pominięto zadanie „IlcErrorTask” z powodu fałszywego warunku; ('@(UnresolvedManagedDllFilesErrorParameters)'!='') oszacowano jako (''!='')."
"Message",Low,"Zadanie „AssemblyClosureTask”"
"Message",Low,"Wykonywanie zadania „AssemblyClosureTask” zakończone."
"Message",Low,"Zadanie „AssemblyClosureTask”"
"Message",Low,"Wykonywanie zadania „AssemblyClosureTask” zakończone."
"Message",Low,"Używanie zadania „RemoveDuplicates” z zestawu „Microsoft.Build.Tasks.v4.0, Version=4.0.0.0, Culture=neutral, PublicKeyToken=b03f5f7f11d50a3a”."
"Message",Low,"Zadanie „RemoveDuplicates”"
"Message",Low,"Wykonywanie zadania „RemoveDuplicates” zakończone."
"Message",Low,"Wykonano kompilowanie elementu docelowego „ResolveInitialReferences” w projekcie „Unnamed_1”."
"Message",Low,"Element docelowy „RunILTransforms” w pliku „C:\Program Files (x86)\MSBuild\Microsoft\.NetNative\ARM\ilc\IlcInternals.targets” z projektu „C:\Users\gurbi\Desktop\App3\App3\Unnamed_1” (zależy od niego element docelowy „GenerateMDILResponseFileSingleFile”):"
"Message",Low,"Ukończono kompilowanie elementu docelowego „RunILTransforms”."
"Message",Low,"Plik wyjściowy „C:\Users\gurbi\Desktop\App3\App3\obj\ARM\Release\ilc\intermediate\ILTransformed\App3.ilexe” nie istnieje."
"Message",Low,"Zadanie „IlcMessageTask”"
"Message",High,"Processing application code"
"Message",Low,"Wykonywanie zadania „IlcMessageTask” zakończone."
"Message",Low,"Używanie zadania „ValidateSimpleNamesTask” z zestawu „C:\Program Files (x86)\MSBuild\Microsoft\.NetNative\ARM\ilc\ilc.exe”."
"Message",Low,"Zadanie „ValidateSimpleNamesTask”"
"Message",Low,"Wykonywanie zadania „ValidateSimpleNamesTask” zakończone."
"Message",Low,"Zadanie „MakeDir”"
"Message",Normal,"Tworzenie katalogu „C:\Users\gurbi\Desktop\App3\App3\obj\ARM\Release\ilc\intermediate\ILTransformed\”."
"Message",Low,"Wykonywanie zadania „MakeDir” zakończone."
"Message",Low,"Pominięto zadanie „MakeDir” z powodu fałszywego warunku; ('$(BuildSharedAssemblies)' == 'true' And '$(InternalFeatureSwitch_ILTableOfContents)' == 'true') oszacowano jako ('false' == 'true' And 'true' == 'true')."
"Message",Low,"Pominięto zadanie „MakeDir” z powodu fałszywego warunku; ('$(BuildSharedAssemblies)' == 'true' And '$(InternalFeatureSwitch_ILTableOfContents)' == 'true') oszacowano jako ('false' == 'true' And 'true' == 'true')."
"Message",Low,"Pominięto zadanie „IlcErrorTask” z powodu fałszywego warunku; ('$(PlatformTarget)'=='') oszacowano jako ('arm'=='')."
"Message",Low,"Zadanie „ResolveFilePathTask”"
"Message",Low,"Wykonywanie zadania „ResolveFilePathTask” zakończone."
"Message",Low,"Pominięto zadanie „IlcErrorTask” z powodu fałszywego warunku; ('@(UnresolvedMcgSourceContractsReferencesErrorParameters)'!='') oszacowano jako (''!='')."
"Message",Low,"Zadanie „ResolveFilePathTask”"
"Message",Low,"Wykonywanie zadania „ResolveFilePathTask” zakończone."
"Message",Low,"Pominięto zadanie „IlcErrorTask” z powodu fałszywego warunku; ('@(UnresolvedMcgSourceFacadeErrorParameters)'!='') oszacowano jako (''!='')."
"Message",Low,"Zadanie „ResolveFilePathTask”"
"Message",Low,"Wykonywanie zadania „ResolveFilePathTask” zakończone."
"Message",Low,"Zadanie „ResolveFilePathTask”"
"Message",Low,"Wykonywanie zadania „ResolveFilePathTask” zakończone."
"Message",Low,"Pominięto zadanie „IlcErrorTask” z powodu fałszywego warunku; ('@(UnresolvedManagedDllFilesErrorParameters)'!='') oszacowano jako (''!='')."
"Message",Low,"Zadanie „AssemblyClosureTask”"
"Message",Low,"Wykonywanie zadania „AssemblyClosureTask” zakończone."
"Message",Low,"Zadanie „ResolveFilePathTask”"
"Message",Low,"Wykonywanie zadania „ResolveFilePathTask” zakończone."
"Message",Low,"Pominięto zadanie „IlcErrorTask” z powodu fałszywego warunku; ('@(UnresolvedCoreAssemblyErrorParameters)'!='') oszacowano jako (''!='')."
"Message",Low,"Zadanie „RemoveDuplicates”"
"Message",Low,"Wykonywanie zadania „RemoveDuplicates” zakończone."
"Message",Low,"Pominięto zadanie „AddToNativePackageTask” z powodu fałszywego warunku; ('@(NeedsClrCompression)' != '' and '$(BuildSharedAssemblies)' != 'true') oszacowano jako ('' != '' and 'false' != 'true')."
"Message",Low,"Zadanie „MakeDir”"
"Message",Normal,"Tworzenie katalogu „C:\Users\gurbi\Desktop\App3\App3\obj\ARM\Release\ilc\intermediate\SgGenerated”."
"Message",Low,"Wykonywanie zadania „MakeDir” zakończone."
"Message",Low,"Używanie zadania „WriteLinesToFile” z zestawu „Microsoft.Build.Tasks.v4.0, Version=4.0.0.0, Culture=neutral, PublicKeyToken=b03f5f7f11d50a3a”."
"Message",Low,"Zadanie „WriteLinesToFile”"
"Message",Low,"Wykonywanie zadania „WriteLinesToFile” zakończone."
"Message",Low,"Zadanie „MakeDir”"
"Message",Normal,"Tworzenie katalogu „C:\Users\gurbi\Desktop\App3\App3\obj\ARM\Release\ilc\intermediate\ResW\”."
"Message",Low,"Wykonywanie zadania „MakeDir” zakończone."
"Message",Low,"Pominięto zadanie „IlcWarningTask” z powodu fałszywego warunku; ('$(BuildSharedAssemblies)' != 'true' and '@(ReducerInputFiles)' == '') oszacowano jako ('false' != 'true' and 'C:\Users\gurbi\Desktop\App3\App3\obj\ARM\Release\ilc\in\Properties\Default.rd.xml' == '')."
"Message",Low,"Zadanie „ILTransformTask”"
"Message",Normal,"Running 'Analysis' transform, heap at 18 MB."
"Message",Low,"Loading 75 modules..."
"Message",Normal,"Imported reflection directives from 8 files:"
"Message",Normal,"C:\Users\gurbi\Desktop\App3\App3\obj\ARM\Release\ilc\in\Properties\Default.rd.xml"
"Message",Normal,"Embedded manifest in System.Diagnostics.Tracing: Resources.System.Diagnostics.Tracing.rd.xml"
"Message",Normal,"Embedded manifest in System.Private.CoreLib: Resources.System.Private.CoreLib.rd.xml"
"Message",Normal,"Embedded manifest in System.Private.Uri: Resources.System.Private.Uri.rd.xml"
"Message",Normal,"Embedded manifest in System.Private.Reflection: Resources.System.Private.Reflection.rd.xml"
"Message",Normal,"Embedded manifest in System.Private.Reflection.Core: Resources.System.Private.Reflection.Core.rd.xml"
"Message",Normal,"Embedded manifest in System.Private.Interop: Resources.System.Private.Interop.rd.xml"
"Message",Normal,"Microsoft.ApplicationInsights"
"Message",Normal,"Imported XAML Roots from 1 files:"
"Message",Normal,"C:\Users\gurbi\Desktop\App3\App3\obj\ARM\Release\ilc\in\App3.xr.xml"
"Message",Normal,"Running 'Mcg' transform, heap at 139 MB."
"Message",High,"Computing application closure and generating interop code"
"Message",Normal,"  List of .lib files:"
"Message",Normal,"      WindowsApp.lib"
"Message",Normal,"  List of .lib search paths:"
"Message",Normal,"      C:\Program Files (x86)\Windows Kits\10\lib\10.0.10240.0\um\arm"
"Message",Normal,"  Loading exports from libs..."
"Message",Normal,"      2356 exports read from 'C:\Program Files (x86)\Windows Kits\10\lib\10.0.10240.0\um\arm\WindowsApp.lib'."
"Message",Normal,"  Loading 75 modules..."
"Message",Normal,"  Generating code..."
"Message",Normal,"      Resolving P/invokes..."
"Message",Normal,"          P/Invoke 'RhWaitForPendingFinalizers' could not be resolved but ExactSpelling specified , defaulting to [MRT]!RhWaitForPendingFinalizers"
"Message",Normal,"          P/Invoke 'RhCompatibleReentrantWaitAny' could not be resolved but ExactSpelling specified , defaulting to [MRT]!RhCompatibleReentrantWaitAny"
"Message",Normal,"          P/Invoke '_ecvt_s' could not be resolved but ExactSpelling specified , defaulting to [MRT]!_ecvt_s"
"Message",Normal,"          P/Invoke 'memmove' could not be resolved but ExactSpelling specified , defaulting to [MRT]!memmove"
"Message",Normal,"          P/Invoke 'GetLastError' resolved to api-ms-win-core-errorhandling-l1-1-1.dll!GetLastError"
"Message",Normal,"          P/Invoke 'SetLastError' resolved to api-ms-win-core-errorhandling-l1-1-1.dll!SetLastError"
"Message",Normal,"          P/Invoke 'GetLastError' resolved to api-ms-win-core-errorhandling-l1-1-1.dll!GetLastError"
"Message",Normal,"          P/Invoke 'NormalizeString' resolved to api-ms-win-core-normalization-l1-1-0.dll!NormalizeString"
"Message",Normal,"          P/Invoke 'RoInitialize' resolved to api-ms-win-core-winrt-l1-1-0.dll!RoInitialize"
"Message",Normal,"          P/Invoke 'GetCurrentThreadId' resolved to api-ms-win-core-processthreads-l1-1-2.dll!GetCurrentThreadId"
"Message",Normal,"          P/Invoke 'GetCurrentProcessId' resolved to api-ms-win-core-processthreads-l1-1-2.dll!GetCurrentProcessId"
"Message",Normal,"          P/Invoke 'EventWriteTransfer' resolved to api-ms-win-eventing-provider-l1-1-0.dll!EventWriteTransfer"
"Message",Normal,"          P/Invoke 'EventSetInformation' resolved to api-ms-win-eventing-provider-l1-1-0.dll!EventSetInformation"
"Message",Normal,"          P/Invoke 'EventRegister' resolved to api-ms-win-eventing-provider-l1-1-0.dll!EventRegister"
"Message",Normal,"          P/Invoke 'EventUnregister' resolved to api-ms-win-eventing-provider-l1-1-0.dll!EventUnregister"
"Message",Normal,"          P/Invoke 'IsValidLocaleName' resolved to api-ms-win-core-localization-l1-2-1.dll!IsValidLocaleName"
"Message",Normal,"          P/Invoke 'ResolveLocaleName' resolved to api-ms-win-core-localization-l1-2-1.dll!ResolveLocaleName"
"Message",Normal,"          P/Invoke 'FormatMessage' resolved to api-ms-win-core-localization-l1-2-1.dll!FormatMessageA"
"Message",Normal,"          P/Invoke 'GetCPInfoExW' resolved to api-ms-win-core-localization-l1-2-1.dll!GetCPInfoExW"
"Message",Normal,"          P/Invoke 'IdnToAscii' resolved to api-ms-win-core-localization-l1-2-1.dll!IdnToAscii"
"Message",Normal,"          P/Invoke 'IdnToUnicode' resolved to api-ms-win-core-localization-l1-2-1.dll!IdnToUnicode"
"Message",Normal,"          P/Invoke 'FindNLSStringEx' resolved to api-ms-win-core-localization-l1-2-1.dll!FindNLSStringEx"
"Message",Normal,"          P/Invoke 'FormatMessageW' resolved to api-ms-win-core-localization-l1-2-1.dll!FormatMessageW"
"Message",Normal,"          P/Invoke 'GetCommandLineW' resolved to api-ms-win-core-processenvironment-l1-2-0.dll!GetCommandLineW"
"Message",Normal,"          P/Invoke 'RaiseFailFastException' resolved to api-ms-win-core-errorhandling-l1-1-3.dll!RaiseFailFastException"
"Message",Normal,"          P/Invoke 'QueryPerformanceFrequency' resolved to api-ms-win-core-profile-l1-1-0.dll!QueryPerformanceFrequency"
"Message",Normal,"          P/Invoke 'QueryPerformanceCounter' resolved to api-ms-win-core-profile-l1-1-0.dll!QueryPerformanceCounter"
"Message",Normal,"          P/Invoke 'CallingConventionConverter_GetStubs' could not be resolved but ExactSpelling specified , defaulting to *!CallingConventionConverter_GetStubs"
"Message",Normal,"          P/Invoke 'CallingConventionConverter_SpecifyCommonStubData' could not be resolved but ExactSpelling specified , defaulting to *!CallingConventionConverter_SpecifyCommonStubData"
"Message",Normal,"          P/Invoke 'ConstrainedCallSupport_GetStubs' could not be resolved but ExactSpelling specified , defaulting to *!ConstrainedCallSupport_GetStubs"
"Message",Normal,"          P/Invoke 'GetNativeSystemInfo' resolved to api-ms-win-core-sysinfo-l1-2-1.dll!GetNativeSystemInfo"
"Message",Normal,"          P/Invoke 'VirtualQuery' resolved to api-ms-win-core-memory-l1-1-2.dll!VirtualQuery"
"Message",Normal,"          P/Invoke 'CompareStringEx' resolved to api-ms-win-core-string-l1-1-0.dll!CompareStringEx"
"Message",Normal,"          P/Invoke 'CompareStringOrdinal' resolved to api-ms-win-core-string-l1-1-0.dll!CompareStringOrdinal"
"Message",Normal,"          P/Invoke 'FindStringOrdinal' resolved to api-ms-win-core-libraryloader-l1-2-0.dll!FindStringOrdinal"
"Message",Normal,"          P/Invoke 'deflateInit2_' resolved to clrcompression.dll!deflateInit2_"
"Message",Normal,"          P/Invoke 'deflateEnd' resolved to clrcompression.dll!deflateEnd"
"Message",Normal,"          P/Invoke 'inflateEnd' resolved to clrcompression.dll!inflateEnd"
"Message",Normal,"          P/Invoke 'deflate' resolved to clrcompression.dll!deflate"
"Message",Normal,"          P/Invoke 'CoCreateInstance' could not be resolved but ExactSpelling specified , defaulting to api-ms-win-core-com-l1-1-0.dll!CoCreateInstance"
"Message",Normal,"          P/Invoke 'QueryUnbiasedInterruptTime' resolved to api-ms-win-core-realtime-l1-1-0.dll!QueryUnbiasedInterruptTime"
"Message",Normal,"          P/Invoke 'SysFreeString' resolved to oleaut32.dll!#6"
"Message",Normal,"          P/Invoke 'GetLongPathNameW' resolved to api-ms-win-core-file-l1-2-1.dll!GetLongPathNameW"
"Message",Normal,"          P/Invoke 'GetLongPathNameW' resolved to api-ms-win-core-file-l1-2-1.dll!GetLongPathNameW"
"Message",Normal,"          P/Invoke 'GetFullPathNameW' resolved to api-ms-win-core-file-l1-2-1.dll!GetFullPathNameW"
"Message",Normal,"          P/Invoke 'GetFullPathNameW' resolved to api-ms-win-core-file-l1-2-1.dll!GetFullPathNameW"
"Message",Normal,"          P/Invoke 'RoGetBufferMarshaler' resolved to api-ms-win-core-winrt-robuffer-l1-1-0.dll!RoGetBufferMarshaler"
"Message",Normal,"  Interop code generated."
"Message",Normal,"  Written code to AssemblyInfo.g.cs"
"Message",Normal,"  Written code to Adapters.g.cs"
"Message",Normal,"  Written code to Data.g.cs"
"Message",Normal,"  Written code to Helpers.g.cs"
"Message",Normal,"  Written code to ImplTypes.g.cs"
"Message",Normal,"  Written code to PInvoke.g.cs"
"Message",Normal,"  Written code to SafeTypes.g.cs"
"Message",Normal,"  Written code to SharedStubs.g.cs"
"Message",Normal,"  Written code to App3.ITFProxy.g.cs"
"Message",Normal,"Running 'CompileMcgSourceAndSerializationAssemblyGenerator' transform, heap at 151 MB."
"Message",High,"Generating serialization code"
"Message",High,"Compiling interop code"
"Message",Low,"Compiling MCG output with arguments:  /debug:""pdbonly"" /nowarn:""0436;0618;1668;1685;1701;1702"" /debug+ /nostdlib+ /optimize+ /out:""C:\Users\gurbi\Desktop\App3\App3\obj\ARM\Release\ilc\intermediate\App3.Interop.dll"" /pdb:""C:\Users\gurbi\Desktop\App3\App3\obj\ARM\Release\ilc\intermediate\App3.Interop.pdb"" /platform:""arm"" /warnaserror+ /unsafe /noconfig /nologo /target:library /define:""WIN32"" /define:""ARM"" /define:""MCG_PRE_BUILD"" /r:""C:\Program Files (x86)\MSBuild\Microsoft\.NetNative\ARM\ilc\lib\Private\System.Private.Corelib.dll"" /r:""C:\Program Files (x86)\MSBuild\Microsoft\.NetNative\ARM\ilc\lib\Private\System.Private.Corelib.InteropServices.dll"" /r:""C:\Program Files (x86)\MSBuild\Microsoft\.NetNative\ARM\ilc\lib\Private\System.Private.Interop.dll"" /r:""C:\Users\gurbi\Desktop\App3\App3\obj\ARM\Release\ilc\in\System.Private.Uri.dll"" /r:""C:\Program Files (x86)\MSBuild\Microsoft\.NetNative\ARM\ilc\lib\Private\System.Private.CompilerServices.ICastable.dll"" /r:""C:\Program Files (x86)\MSBuild\Microsoft\.NetNative\ARM\ilc\lib\Private\System.Private.Reflection.dll"" /r:""C:\Program Files (x86)\MSBuild\Microsoft\.NetNative\ARM\ilc\lib\Private\System.Private.DispatchProxy.dll"" /r:""C:\Users\gurbi\Desktop\App3\App3\obj\ARM\Release\ilc\in\System.Reflection.DispatchProxy.dll"" /r:""C:\Users\gurbi\Desktop\App3\App3\obj\ARM\Release\ilc\in\System.Reflection.dll"" /r:""C:\Users\gurbi\Desktop\App3\App3\obj\ARM\Release\ilc\in\System.Runtime.dll"" /r:""C:\Users\gurbi\Desktop\App3\App3\obj\ARM\Release\ilc\in\System.Runtime.InteropServices.dll"" /r:""C:\Users\gurbi\Desktop\App3\App3\obj\ARM\Release\ilc\in\System.Runtime.InteropServices.WindowsRuntime.dll"" /r:""C:\Users\gurbi\Desktop\App3\App3\obj\ARM\Release\ilc\in\System.Numerics.Vectors.dll"" /r:""C:\Users\gurbi\Desktop\App3\App3\obj\ARM\Release\ilc\in\System.Threading.dll"" /r:""C:\Users\gurbi\Desktop\App3\App3\obj\ARM\Release\ilc\in\System.Diagnostics.Debug.dll"" /r:""C:\Users\gurbi\Desktop\App3\App3\obj\ARM\Release\ilc\in\System.Runtime.Handles.dll"" /r:""C:\Users\gurbi\Desktop\App3\App3\obj\ARM\Release\ilc\in\System.Dynamic.Runtime.dll"" /r:""C:\Program Files (x86)\MSBuild\Microsoft\.NetNative\ARM\ilc\lib\Private\System.Private.CoreLib.Augments.dll"" /r:""C:\Users\gurbi\Desktop\App3\App3\obj\ARM\Release\ilc\in\System.Runtime.Extensions.dll"" /r:""C:\Users\gurbi\Desktop\App3\App3\obj\ARM\Release\ilc\in\System.Collections.dll"" /r:""C:\Users\gurbi\Desktop\App3\App3\obj\ARM\Release\ilc\in\System.ObjectModel.dll"" /r:""C:\Users\gurbi\Desktop\App3\App3\obj\ARM\Release\ilc\in\System.Runtime.WindowsRuntime.dll"" /r:""C:\Users\gurbi\Desktop\App3\App3\obj\ARM\Release\ilc\in\System.Runtime.WindowsRuntime.UI.Xaml.dll"" ""C:\Users\gurbi\Desktop\App3\App3\obj\ARM\Release\ilc\intermediate\App3.ITFProxy.g.cs"" ""C:\Users\gurbi\Desktop\App3\App3\obj\ARM\Release\ilc\intermediate\App3.Interop\Adapters.g.cs"" ""C:\Users\gurbi\Desktop\App3\App3\obj\ARM\Release\ilc\intermediate\App3.Interop\AssemblyInfo.g.cs"" ""C:\Users\gurbi\Desktop\App3\App3\obj\ARM\Release\ilc\intermediate\App3.Interop\Data.g.cs"" ""C:\Users\gurbi\Desktop\App3\App3\obj\ARM\Release\ilc\intermediate\App3.Interop\Helpers.g.cs"" ""C:\Users\gurbi\Desktop\App3\App3\obj\ARM\Release\ilc\intermediate\App3.Interop\ImplTypes.g.cs"" ""C:\Users\gurbi\Desktop\App3\App3\obj\ARM\Release\ilc\intermediate\App3.Interop\PInvoke.g.cs"" ""C:\Users\gurbi\Desktop\App3\App3\obj\ARM\Release\ilc\intermediate\App3.Interop\SafeTypes.g.cs"" ""C:\Users\gurbi\Desktop\App3\App3\obj\ARM\Release\ilc\intermediate\App3.Interop\SharedStubs.g.cs"""
"Message",Normal,"Running 'DumpNativeResources' transform, heap at 152 MB."
"Message",Normal,"Running 'ReducedCopyInitialize' transform, heap at 152 MB."
"Message",Normal,"Running 'ReducedCopyEmptyTypes' transform, heap at 175 MB."
"Message",Normal,"Running 'ReducedCopyPopulateTypes' transform, heap at 199 MB."
"Message",Normal,"Running 'ReducedCopyLateMetadata' transform, heap at 231 MB."
"Message",Normal,"Running 'ReducedCopyMethodBodies' transform, heap at 258 MB."
"Message",Normal,"Running 'ReducedCopyComplete' transform, heap at 203 MB."
"Message",Normal,"Running 'ReducedCopyCleanup' transform, heap at 216 MB."
"Message",Normal,"Running 'DeveloperExperienceModeOnlyCodeRemover' transform, heap at 216 MB."
"Message",Normal,"Running 'ComImportDetector' transform, heap at 216 MB."
"Message",Normal,"Running 'McgAccessor' transform, heap at 216 MB."
"Message",Normal,"Running 'McgRedirect' transform, heap at 218 MB."
"Message",Normal,"Running 'McgRedirect' transform, heap at 220 MB."
"Message",Normal,"Running 'McgTypeOf' transform, heap at 221 MB."
"Message",Normal,"Running 'ExceptionMiniaturizer' transform, heap at 228 MB."
"Message",Normal,"Running 'EventSource' transform, heap at 238 MB."
"Message",Normal,"Running 'ValueType' transform, heap at 239 MB."
"Message",Normal,"Running 'Attribute' transform, heap at 241 MB."
"Message",Normal,"Running 'GetType' transform, heap at 242 MB."
"Message",Normal,"Running 'McgFixups' transform, heap at 243 MB."
"Message",Normal,"Running 'ResourceManagerCtor' transform, heap at 245 MB."
"Message",Normal,"Running 'TypeofTypeHandle' transform, heap at 245 MB."
"Message",Normal,"Running 'DispatchProxyIntrinsics' transform, heap at 251 MB."
"Message",Normal,"Running 'StaticInitData' transform, heap at 252 MB."
"Message",Normal,"Running 'StartupCodeInjector' transform, heap at 215 MB."
"Message",Normal,"Running 'InjectAppContextSwitches' transform, heap at 215 MB."
"Message",Normal,"Running 'ImplementLibraryDynamicInvokeHelpers' transform, heap at 215 MB."
"Message",Normal,"Running 'Delegate' transform, heap at 215 MB."
"Message",Normal,"Running 'DelegateCtorCall' transform, heap at 229 MB."
"Message",Normal,"Running 'LazyGenerics' transform, heap at 231 MB."
"Message",Normal,"Running 'AddReflectionBlockedAttributes' transform, heap at 259 MB."
"Message",Normal,"Running 'DisableOptimization' transform, heap at 259 MB."
"Message",Normal,"Running 'CreateMetadata' transform, heap at 259 MB."
"Message",Normal,"Running 'SynchronizedMethod' transform, heap at 284 MB."
"Message",Normal,"Running 'ReflectionInvoke' transform, heap at 284 MB."
"Message",Normal,"Running 'ScrubOpenCalls' transform, heap at 285 MB."
"Message",Normal,"Running 'Calli' transform, heap at 286 MB."
"Message",Normal,"Running 'ConvertCatchIntoFilter' transform, heap at 295 MB."
"Message",Normal,"Running 'ReflectionMappingInfoEmit' transform, heap at 295 MB."
"Message",Normal,"Running 'ConvertManagedWinMD' transform, heap at 296 MB."
"Message",Normal,"Running 'Reducer' transform, heap at 296 MB."
"Message",High,"Cleaning up unreferenced code"
"Message",Normal,"Running 'WriteAssemblies' transform, heap at 297 MB."
"Message",Normal,""
"Message",Normal,"Transform summary"
"Message",Normal,"   ms | heap delta | name"
"Message",Normal," 15608 |        121 | Analysis"
"Message",Normal,"  5679 |          1 | CompileMcgSourceAndSerializationAssemblyGenerator"
"Message",Normal,"  3723 |        -34 | WriteAssemblies"
"Message",Normal,"  3683 |         12 | Mcg"
"Message",Normal,"  3343 |          1 | Reducer"
"Message",Normal,"  1232 |         32 | ReducedCopyPopulateTypes"
"Message",Normal,"   912 |        -55 | ReducedCopyMethodBodies"
"Message",Normal,"   596 |        -37 | StaticInitData"
"Message",Normal,"   520 |         25 | CreateMetadata"
"Message",Normal,"   455 |         28 | LazyGenerics"
"Message",Normal,"   396 |         24 | ReducedCopyEmptyTypes"
"Message",Normal,"   363 |         13 | ReducedCopyComplete"
"Message",Normal,"   347 |         10 | ExceptionMiniaturizer"
"Message",Normal,"   340 |         27 | ReducedCopyLateMetadata"
"Message",Normal,"   305 |          2 | McgRedirect"
"Message",Normal,"   282 |         23 | ReducedCopyInitialize"
"Message",Normal,"   247 |          7 | McgTypeOf"
"Message",Normal,"   206 |          6 | TypeofTypeHandle"
"Message",Normal,"   189 |          9 | Calli"
"Message",Normal,"   163 |          1 | McgRedirect"
"Message",Normal,"   152 |          2 | DelegateCtorCall"
"Message",Normal,"   137 |         14 | Delegate"
"Message",Normal,"    69 |          2 | McgFixups"
"Message",Normal,"    68 |          1 | GetType"
"Message",Normal,"    45 |          0 | SynchronizedMethod"
"Message",Normal,"    25 |          1 | ScrubOpenCalls"
"Message",Normal,"    24 |          2 | McgAccessor"
"Message",Normal,"    24 |          1 | EventSource"
"Message",Normal,"    24 |          1 | DispatchProxyIntrinsics"
"Message",Normal,"    19 |          2 | ValueType"
"Message",Normal,"    18 |          0 | StartupCodeInjector"
"Message",Normal,"    12 |          0 | ConvertCatchIntoFilter"
"Message",Normal,"    12 |          1 | Attribute"
"Message",Normal,"    11 |          0 | DumpNativeResources"
"Message",Normal,"     9 |          1 | ReflectionInvoke"
"Message",Normal,"     5 |          1 | ReflectionMappingInfoEmit"
"Message",Normal,"     5 |          0 | DeveloperExperienceModeOnlyCodeRemover"
"Message",Normal,"     2 |          0 | ResourceManagerCtor"
"Message",Normal,"     2 |          0 | AddReflectionBlockedAttributes"
"Message",Normal,"     0 |          0 | ConvertManagedWinMD"
"Message",Normal,"     0 |          0 | ReducedCopyCleanup"
"Message",Normal,"     0 |          0 | DisableOptimization"
"Message",Normal,"     0 |          0 | ComImportDetector"
"Message",Normal,"     0 |          0 | InjectAppContextSwitches"
"Message",Normal,"     0 |          0 | ImplementLibraryDynamicInvokeHelpers"
"Message",Low,"Wykonywanie zadania „ILTransformTask” zakończone."
"Message",Low,"Pominięto zadanie „WriteLinesToFile” z powodu fałszywego warunku; ('$(BuildSharedAssemblies)' == 'true') oszacowano jako ('false' == 'true')."
"Message",Low,"Wykonano kompilowanie elementu docelowego „RunILTransforms” w projekcie „Unnamed_1”."
"Message",Low,"Pominięto element docelowy „CheckSharedAssemblyClosure” z powodu fałszywego warunku; ('$(BuildSharedAssemblies)' == 'true') oszacowano jako ('false' == 'true')."
"Message",Low,"Pominięto element docelowy „MergePgoCounts” z powodu fałszywego warunku; ('$(Pgu)'=='true' and '$(MultiPhasePgd)'!='true') oszacowano jako ('false'=='true' and 'false'!='true')."
"Message",Low,"Element docelowy „GenerateMDILResponseFileSingleFile” w pliku „C:\Program Files (x86)\MSBuild\Microsoft\.NetNative\ARM\ilc\IlcInternals.targets” z projektu „C:\Users\gurbi\Desktop\App3\App3\Unnamed_1” (zależy od niego element docelowy „GenerateMDILSingleFile”):"
"Message",Low,"Ukończono kompilowanie elementu docelowego „GenerateMDILResponseFileSingleFile”."
"Message",Low,"Plik wyjściowy „C:\Users\gurbi\Desktop\App3\App3\obj\ARM\Release\ilc\intermediate\nutcargs.rsp” nie istnieje."
"Message",Low,"Zadanie „IlcMessageTask”"
"Message",High,"Generating native code"
"Message",Low,"Wykonywanie zadania „IlcMessageTask” zakończone."
"Message",Low,"Zadanie „MakeDir”"
"Message",Normal,"Tworzenie katalogu „C:\Users\gurbi\Desktop\App3\App3\obj\ARM\Release\ilc\intermediate\MDIL\”."
"Message",Low,"Wykonywanie zadania „MakeDir” zakończone."
"Message",Low,"Zadanie „WriteLinesToFile”"
"Message",Low,"Wykonywanie zadania „WriteLinesToFile” zakończone."
"Message",Low,"Wykonano kompilowanie elementu docelowego „GenerateMDILResponseFileSingleFile” w projekcie „Unnamed_1”."
"Message",Low,"Element docelowy „GenerateMDILSingleFile” w pliku „C:\Program Files (x86)\MSBuild\Microsoft\.NetNative\ARM\ilc\IlcInternals.targets” z projektu „C:\Users\gurbi\Desktop\App3\App3\Unnamed_1” (zależy od niego element docelowy „GenerateMDIL”):"
"Message",Low,"Ukończono kompilowanie elementu docelowego „GenerateMDILSingleFile”."
"Message",Low,"Plik wyjściowy „C:\Users\gurbi\Desktop\App3\App3\obj\ARM\Release\ilc\intermediate\MDIL\App3.mdilexe” nie istnieje."
"Message",Low,"Używanie zadania „StartProcessTask” z zestawu „Microsoft.Build.ILTasks”."
"Message",Low,"Zadanie „StartProcessTask”"
"Message",Normal,"Launching 'C:\Program Files (x86)\MSBuild\Microsoft\.NetNative\ARM\ilc\Tools\nutc_driver.exe @""C:\Users\gurbi\Desktop\App3\App3\obj\ARM\Release\ilc\intermediate\nutcargs.rsp""'"
"Message",Low,"Microsoft (R) MDIL Compiler - Version 1.0.23309.00"
"Message",Low,"Copyright (c) Microsoft Corporation.  All rights reserved."
"Message",Low,"Scanning input types"
"Message",Low,"Scanning 4850 methods."
"Message",Low,"Scanning 3135 methods."
"Message",Low,"Scanning 2133 methods."
"Message",Low,"Scanning 1643 methods."
"Message",Low,"Scanning 3854 methods."
"Message",Low,"Scanning 3220 methods."
"Message",Low,"Scanning 2576 methods."
"Message",Low,"Scanning 1875 methods."
"Message",Low,"Scanning 1247 methods."
"Message",Low,"Scanning 1090 methods."
"Message",Low,"Scanning 762 methods."
"Message",Low,"Scanning 495 methods."
"Message",Low,"Scanning 267 methods."
"Message",Low,"Scanning 166 methods."
"Message",Low,"Scanning 121 methods."
"Message",Low,"Scanning 152 methods."
"Message",Low,"Scanning 133 methods."
"Message",Low,"Scanning 123 methods."
"Message",Low,"Scanning 83 methods."
"Message",Low,"Scanning 35 methods."
"Message",Low,"Scanning 18 methods."
"Message",Low,"Scanning 9 methods."
"Message",Low,"Scanning 6 methods."
"Message",Low,"Scanning 6 methods."
"Message",Low,"Scanning 8 methods."
"Message",Low,"Scanning 2 methods."
"Message",Low,"Eager code generation"
"Message",Low,"Compiling 28009 methods."
"Message",Low,"Deferred code generation"
"Message",Low,"Successfully generated 'C:\Users\gurbi\Desktop\App3\App3\obj\ARM\Release\ilc\intermediate\MDIL\App3.mdilexe'"
"Message",Low,"Successfully generated 'C:\Users\gurbi\Desktop\App3\App3\obj\ARM\Release\ilc\intermediate\MDIL\App3.mdilpdb'"
"Message",Normal,"'C:\Program Files (x86)\MSBuild\Microsoft\.NetNative\ARM\ilc\Tools\nutc_driver.exe @""C:\Users\gurbi\Desktop\App3\App3\obj\ARM\Release\ilc\intermediate\nutcargs.rsp""' completed."
"Message",Normal,"Process execution statistics (all times in milliseconds)"
"Message",Normal,"-----------------------------------------------------------------------------"
"Message",Normal,"launch  |  start   |   stop   |   end    | duration | lifetime | [slot] name"
"Message",Normal,"-----------------------------------------------------------------------------"
"Message",Normal,"       0 |       15 |    45437 |    45437 |    45422 |    45437 | [0] Nutc SingleFile"
"Message",Normal,"Number of commands:      1"
"Message",Normal,"Total system time:       45437 ms"
"Message",Normal,"System time per command: 45437 ms"
"Message",Normal,"Total duration:          45422 ms"
"Message",Normal,"Total lifetime:          45437 ms"
"Message",Normal,"Requested DOP:           4"
"Message",Normal,"Duration DOP:            1,0"
"Message",Normal,"Lifetime DOP:            1,0"
"Message",Low,"Wykonywanie zadania „StartProcessTask” zakończone."
"Message",Low,"Wykonano kompilowanie elementu docelowego „GenerateMDILSingleFile” w projekcie „Unnamed_1”."
"Message",Low,"Element docelowy „GenerateMDIL” w pliku „C:\Program Files (x86)\MSBuild\Microsoft\.NetNative\ARM\ilc\IlcInternals.targets” z projektu „C:\Users\gurbi\Desktop\App3\App3\Unnamed_1” (zależy od niego element docelowy „MDILBindPrepare”):"
"Message",Normal,"Pomijanie elementu docelowego „GenerateMDIL”, ponieważ wszystkie pliki wyjściowe są aktualne w porównaniu z plikami wejściowymi."
"Message",Low,"Pliki wejściowe: C:\Users\gurbi\Desktop\App3\App3\obj\ARM\Release\ilc\intermediate\nutcargs.rsp"
"Message",Low,"Pliki wyjściowe: C:\Users\gurbi\Desktop\App3\App3\obj\ARM\Release\ilc\intermediate\MDIL\App3.mdilexe;C:\Users\gurbi\Desktop\App3\App3\obj\ARM\Release\ilc\intermediate\MDIL\App3.mdilpdb"
"Message",Low,"Wykonano kompilowanie elementu docelowego „GenerateMDIL” w projekcie „Unnamed_1”."
"Message",Low,"Element docelowy „GenerateBuildInfo” w pliku „C:\Program Files (x86)\MSBuild\Microsoft\.NetNative\ARM\ilc\IlcInternals.targets” z projektu „C:\Users\gurbi\Desktop\App3\App3\Unnamed_1” (zależy od niego element docelowy „MDILBindPrepare”):"
"Message",Low,"Ukończono kompilowanie elementu docelowego „GenerateBuildInfo”."
"Message",Low,"Plik wyjściowy „C:\Users\gurbi\Desktop\App3\App3\obj\ARM\Release\ilc\intermediate\Native.res” nie istnieje."
"Message",Low,"Zadanie „StartProcessTask”"
"Message",Normal,"Launching 'C:\Program Files (x86)\Windows Kits\10\bin\x86\rc.exe /c 65001 /r /fo ""C:\Users\gurbi\Desktop\App3\App3\obj\ARM\Release\ilc\intermediate\BuildInfo\BuildInfo.res"" ""C:\Users\gurbi\Desktop\App3\App3\obj\ARM\Release\ilc\intermediate\BuildInfo\BuildInfo.rc""'"
"Message",Low,"Microsoft (R) Windows (R) Resource Compiler Version 10.0.10011.16384"
"Message",Low,"Copyright (C) Microsoft Corporation.  All rights reserved."
"Message",Normal,"'C:\Program Files (x86)\Windows Kits\10\bin\x86\rc.exe /c 65001 /r /fo ""C:\Users\gurbi\Desktop\App3\App3\obj\ARM\Release\ilc\intermediate\BuildInfo\BuildInfo.res"" ""C:\Users\gurbi\Desktop\App3\App3\obj\ARM\Release\ilc\intermediate\BuildInfo\BuildInfo.rc""' completed."
"Message",Normal,"Process execution statistics (all times in milliseconds)"
"Message",Normal,"-----------------------------------------------------------------------------"
"Message",Normal,"launch  |  start   |   stop   |   end    | duration | lifetime | [slot] name"
"Message",Normal,"-----------------------------------------------------------------------------"
"Message",Normal,"       0 |        0 |       47 |       47 |       47 |       47 | [0] RC"
"Message",Normal,"Number of commands:      1"
"Message",Normal,"Total system time:       47 ms"
"Message",Normal,"System time per command: 47 ms"
"Message",Normal,"Total duration:          47 ms"
"Message",Normal,"Total lifetime:          47 ms"
"Message",Normal,"Requested DOP:           4"
"Message",Normal,"Duration DOP:            1,0"
"Message",Normal,"Lifetime DOP:            1,0"
"Message",Low,"Wykonywanie zadania „StartProcessTask” zakończone."
"Message",Low,"Używanie zadania „BinaryConcatenateTask” z zestawu „Microsoft.Build.ILTasks”."
"Message",Low,"Zadanie „BinaryConcatenateTask”"
"Message",Normal,"Concatenating into 'C:\Users\gurbi\Desktop\App3\App3\obj\ARM\Release\ilc\intermediate\Native.res' with alignment '4'."
"Message",Normal," Added 'C:\Users\gurbi\Desktop\App3\App3\obj\ARM\Release\ilc\intermediate\ILTransformed\App3.res' at offset 0."
"Message",Normal," Added 'C:\Users\gurbi\Desktop\App3\App3\obj\ARM\Release\ilc\intermediate\BuildInfo\BuildInfo.res' at offset 1352."
"Message",Low,"Wykonywanie zadania „BinaryConcatenateTask” zakończone."
"Message",Low,"Wykonano kompilowanie elementu docelowego „GenerateBuildInfo” w projekcie „Unnamed_1”."
"Message",Low,"Element docelowy „MDILBindPrepare” w pliku „C:\Program Files (x86)\MSBuild\Microsoft\.NetNative\ARM\ilc\IlcInternals.targets” z projektu „C:\Users\gurbi\Desktop\App3\App3\Unnamed_1” (zależy od niego element docelowy „MDILBindCreateResponseFiles”):"
"Message",Low,"Zadanie „MakeDir”"
"Message",Normal,"Tworzenie katalogu „C:\Users\gurbi\Desktop\App3\App3\obj\ARM\Release\ilc\intermediate\Native\”."
"Message",Low,"Wykonywanie zadania „MakeDir” zakończone."
"Message",Low,"Pominięto zadanie „StartProcessTask” z powodu fałszywego warunku; ('$(Pgi)'=='true') oszacowano jako ('false'=='true')."
"Message",Low,"Wykonano kompilowanie elementu docelowego „MDILBindPrepare” w projekcie „Unnamed_1”."
"Message",Low,"Element docelowy „MDILBindCreateResponseFiles” w pliku „C:\Program Files (x86)\MSBuild\Microsoft\.NetNative\ARM\ilc\IlcInternals.targets” z projektu „C:\Users\gurbi\Desktop\App3\App3\Unnamed_1” (zależy od niego element docelowy „MDILBind”):"
"Message",Low,"Ukończono kompilowanie elementu docelowego „MDILBindCreateResponseFiles”."
"Message",Low,"Plik wyjściowy „C:\Users\gurbi\Desktop\App3\App3\obj\ARM\Release\ilc\intermediate\rhbindargs.App3.rsp” nie istnieje."
"Message",Low,"Zadanie „WriteLinesToFile”"
"Message",Low,"Wykonywanie zadania „WriteLinesToFile” zakończone."
"Message",Low,"Wykonano kompilowanie elementu docelowego „MDILBindCreateResponseFiles” w projekcie „Unnamed_1”."
"Message",Low,"Element docelowy „MDILBind” w pliku „C:\Program Files (x86)\MSBuild\Microsoft\.NetNative\ARM\ilc\IlcInternals.targets” z projektu „C:\Users\gurbi\Desktop\App3\App3\Unnamed_1” (zależy od niego element docelowy „CopyNativeExecutablesToOutput”):"
"Message",Low,"Ukończono kompilowanie elementu docelowego „MDILBind”."
"Message",Low,"Plik wyjściowy „C:\Users\gurbi\Desktop\App3\App3\obj\ARM\Release\ilc\intermediate\Native\App3.exe” nie istnieje."
"Message",Low,"Zadanie „IlcMessageTask”"
"Message",High,"Generating fixups for native code"
"Message",Low,"Wykonywanie zadania „IlcMessageTask” zakończone."
"Message",Low,"Zadanie „StartProcessTask”"
"Message",Normal,"Launching 'C:\Program Files (x86)\MSBuild\Microsoft\.NetNative\ARM\ilc\Tools\rhbind.exe @""C:\Users\gurbi\Desktop\App3\App3\obj\ARM\Release\ilc\intermediate\rhbindargs.App3.rsp""'"
"Message",Low,"OS VERSION: major: 6  minor: 2"
"Message",Low,"MDIL: C:\Users\gurbi\Desktop\App3\App3\obj\ARM\Release\ilc\intermediate\MDIL\App3.mdilexe"
"Message",Low,"MDILPDB: C:\Users\gurbi\Desktop\App3\App3\obj\ARM\Release\ilc\intermediate\MDIL\App3.mdilpdb"
"Message",Low,"IL: C:\Users\gurbi\Desktop\App3\App3\obj\ARM\Release\ilc\intermediate\MDIL\App3.ilexe"
"Message",Low,"NI: C:\Users\gurbi\Desktop\App3\App3\obj\ARM\Release\ilc\intermediate\Native\App3.dll"
"Message",Low,"SHIM: C:\Users\gurbi\Desktop\App3\App3\obj\ARM\Release\ilc\intermediate\Native\App3.exe"
"Message",Low,"REDHAWK_RUNTIME_DLL_NAME_A=mrt100_app.dll"
"Message",Low,"pdb: C:\Users\gurbi\Desktop\App3\App3\obj\ARM\Release\ilc\intermediate\Native\App3.pdb"
"Message",Low,"Produced C:\Users\gurbi\Desktop\App3\App3\obj\ARM\Release\ilc\intermediate\Native\App3.dll in 1.989 seconds"
"Message",Normal,"'C:\Program Files (x86)\MSBuild\Microsoft\.NetNative\ARM\ilc\Tools\rhbind.exe @""C:\Users\gurbi\Desktop\App3\App3\obj\ARM\Release\ilc\intermediate\rhbindargs.App3.rsp""' completed."
"Message",Normal,"Process execution statistics (all times in milliseconds)"
"Message",Normal,"-----------------------------------------------------------------------------"
"Message",Normal,"launch  |  start   |   stop   |   end    | duration | lifetime | [slot] name"
"Message",Normal,"-----------------------------------------------------------------------------"
"Message",Normal,"       0 |        0 |     2016 |     2016 |     2016 |     2016 | [0] rhbind App3"
"Message",Normal,"Number of commands:      1"
"Message",Normal,"Total system time:       2016 ms"
"Message",Normal,"System time per command: 2016 ms"
"Message",Normal,"Total duration:          2016 ms"
"Message",Normal,"Total lifetime:          2016 ms"
"Message",Normal,"Requested DOP:           4"
"Message",Normal,"Duration DOP:            1,0"
"Message",Normal,"Lifetime DOP:            1,0"
"Message",Low,"Wykonywanie zadania „StartProcessTask” zakończone."
"Message",Low,"Pominięto zadanie „Move” z powodu fałszywego warunku; ('$(PdbPath)'!='') oszacowano jako (''!='')."
"Message",Low,"Wykonano kompilowanie elementu docelowego „MDILBind” w projekcie „Unnamed_1”."
"Message",Low,"Element docelowy „CopyNativeExecutablesToOutput” w pliku „C:\Program Files (x86)\MSBuild\Microsoft\.NetNative\ARM\ilc\IlcInternals.targets” z projektu „C:\Users\gurbi\Desktop\App3\App3\Unnamed_1” (zależy od niego element docelowy „Build”):"
"Message",Low,"Używanie zadania „AddToNativePackageTask” z zestawu „C:\Program Files (x86)\MSBuild\Microsoft\.NetNative\ARM\ilc\ilc.exe”."
"Message",Low,"Zadanie „AddToNativePackageTask”"
"Message",Low,"Wykonywanie zadania „AddToNativePackageTask” zakończone."
"Message",Low,"Zadanie „AddToNativePackageTask”"
"Message",Low,"Wykonywanie zadania „AddToNativePackageTask” zakończone."
"Message",Low,"Pominięto zadanie „AddToNativePackageTask” z powodu fałszywego warunku; ('$(BuildSharedAssemblies)' != 'true' and '$(AllowAppLocalMrt)' == 'true') oszacowano jako ('false' != 'true' and 'false' == 'true')."
"Message",Low,"Pominięto zadanie „AddToNativePackageTask” z powodu fałszywego warunku; ('$(BuildSharedAssemblies)' == 'true') oszacowano jako ('false' == 'true')."
"Message",Low,"Pominięto zadanie „AddToNativePackageTask” z powodu fałszywego warunku; ('$(BuildSharedAssemblies)' == 'true') oszacowano jako ('false' == 'true')."
"Message",Low,"Pominięto zadanie „AddToNativePackageTask” z powodu fałszywego warunku; ('$(BuildSharedAssemblies)' == 'true') oszacowano jako ('false' == 'true')."
"Message",Low,"Pominięto zadanie „AddToNativePackageTask” z powodu fałszywego warunku; ('$(BuildSharedAssemblies)' == 'true' And '$(InternalFeatureSwitch_ILTableOfContents)' == 'true') oszacowano jako ('false' == 'true' And 'true' == 'true')."
"Message",Low,"Pominięto zadanie „AddToNativePackageTask” z powodu fałszywego warunku; ('$(BuildSharedAssemblies)' == 'true' And '$(InternalFeatureSwitch_ILTableOfContents)' == 'true') oszacowano jako ('false' == 'true' And 'true' == 'true')."
"Message",Low,"Pominięto zadanie „AddToNativePackageTask” z powodu fałszywego warunku; ('$(BuildSharedAssemblies)' == 'true' And '$(InternalFeatureSwitch_ILTableOfContents)' == 'true') oszacowano jako ('false' == 'true' And 'true' == 'true')."
"Message",Low,"Pominięto zadanie „AddToNativePackageTask” z powodu fałszywego warunku; ('$(BuildSharedAssemblies)' == 'true' And '$(InternalFeatureSwitch_ILTableOfContents)' == 'true') oszacowano jako ('false' == 'true' And 'true' == 'true')."
"Message",Low,"Pominięto zadanie „AddToNativePackageTask” z powodu fałszywego warunku; ('$(BuildSharedAssemblies)' == 'true') oszacowano jako ('false' == 'true')."
"Message",Low,"Pominięto zadanie „AddToNativePackageTask” z powodu fałszywego warunku; ('$(BuildSharedAssemblies)' == 'true') oszacowano jako ('false' == 'true')."
"Message",Low,"Pominięto zadanie „AddToNativePackageTask” z powodu fałszywego warunku; ('$(BuildSharedAssemblies)' == 'true') oszacowano jako ('false' == 'true')."
"Message",Low,"Pominięto zadanie „AddToNativePackageTask” z powodu fałszywego warunku; ('$(Pgi)'=='true') oszacowano jako ('false'=='true')."
"Message",Low,"Pominięto zadanie „AddToNativePackageTask” z powodu fałszywego warunku; ('$(BuildSharedAssemblies)' == 'true') oszacowano jako ('false' == 'true')."
"Message",Low,"Pominięto zadanie „AddToNativePackageTask” z powodu fałszywego warunku; ('$(BuildSharedAssemblies)' == 'true' And '$(InternalFeatureSwitch_ILTableOfContents)' == 'true') oszacowano jako ('false' == 'true' And 'true' == 'true')."
"Message",Low,"Pominięto zadanie „AddToNativePackageTask” z powodu fałszywego warunku; ('$(BuildSharedAssemblies)'=='true' and '@(SharedFrameworkReswFiles)' != '' And '$(InternalFeatureSwitch_ILTableOfContents)' == 'true') oszacowano jako ('false'=='true' and '' != '' And 'true' == 'true')."
"Message",Low,"Pominięto zadanie „AddToNativePackageTask” z powodu fałszywego warunku; ('$(UseFrameworkPackage)' != 'true' and '@(InputSharedLibrariesToCopy)' != '') oszacowano jako ('False' != 'true' and '' != '')."
"Message",Low,"Wykonano kompilowanie elementu docelowego „CopyNativeExecutablesToOutput” w projekcie „Unnamed_1”."
"Message",Low,"Pominięto element docelowy „CopyExtractedResourcesToOutput” z powodu fałszywego warunku; (Exists('$(IntermediateResourcesPath)')) oszacowano jako (Exists('C:\Users\gurbi\Desktop\App3\App3\obj\ARM\Release\ilc\intermediate\Resources\'))."
"Message",Low,"Element docelowy „TransformAppxManifestAndAddCrt” w pliku „C:\Program Files (x86)\MSBuild\Microsoft\.NetNative\ARM\ilc\IlcInternals.targets” z projektu „C:\Users\gurbi\Desktop\App3\App3\Unnamed_1” (zależy od niego element docelowy „Build”):"
"Message",Low,"Używanie zadania „TransformAppxManifestTask” z zestawu „C:\Program Files (x86)\MSBuild\Microsoft\.NetNative\ARM\ilc\ilc.exe”."
"Message",Low,"Zadanie „TransformAppxManifestTask”"
"Message",Low,"Wykonywanie zadania „TransformAppxManifestTask” zakończone."
"Message",Low,"Zadanie „AddToNativePackageTask”"
"Message",Low,"Wykonywanie zadania „AddToNativePackageTask” zakończone."
"Message",Low,"Pominięto zadanie „AddToNativePackageTask” z powodu fałszywego warunku; ($(AddCrt)) oszacowano jako (false)."
"Message",Low,"Pominięto zadanie „AddToNativePackageTask” z powodu fałszywego warunku; ($(AddWin8Adapters)) oszacowano jako (false)."
"Message",Low,"Pominięto zadanie „AddToNativePackageTask” z powodu fałszywego warunku; ($(AddWin8Adapters)) oszacowano jako (false)."
"Message",Low,"Pominięto zadanie „AddToNativePackageTask” z powodu fałszywego warunku; ($(AddWin8Adapters)) oszacowano jako (false)."
"Message",Low,"Pominięto zadanie „AddToNativePackageTask” z powodu fałszywego warunku; ($(AddWin8Adapters)) oszacowano jako (false)."
"Message",Low,"Pominięto zadanie „AddToNativePackageTask” z powodu fałszywego warunku; ($(AddWin8Adapters)) oszacowano jako (false)."
"Message",Low,"Pominięto zadanie „AddToNativePackageTask” z powodu fałszywego warunku; ($(AddWin8Adapters)) oszacowano jako (false)."
"Message",Low,"Pominięto zadanie „AddToNativePackageTask” z powodu fałszywego warunku; ($(AddWin8Adapters)) oszacowano jako (false)."
"Message",Low,"Wykonano kompilowanie elementu docelowego „TransformAppxManifestAndAddCrt” w projekcie „Unnamed_1”."
"Message",Low,"Pominięto element docelowy „MergeFrameworkReswFilesWithTheAppPriFile” z powodu fałszywego warunku; ('@(AppResources)' != '' And '$(UseResKeysInsteadOfResStrings)' != 'true') oszacowano jako ('C:\Users\gurbi\Desktop\App3\App3\obj\ARM\Release\ilc\in\resources.pri' != '' And 'true' != 'true')."
"Message",Low,"Element docelowy „CopyPackageResourceFileInRetailBuild” w pliku „C:\Program Files (x86)\MSBuild\Microsoft\.NetNative\ARM\ilc\IlcInternals.targets” z projektu „C:\Users\gurbi\Desktop\App3\App3\Unnamed_1” (zależy od niego element docelowy „Build”):"
"Message",Low,"Zadanie „AddToNativePackageTask”"
"Message",Low,"Wykonywanie zadania „AddToNativePackageTask” zakończone."
"Message",Low,"Wykonano kompilowanie elementu docelowego „CopyPackageResourceFileInRetailBuild” w projekcie „Unnamed_1”."
"Message",Low,"Element docelowy „Build” w pliku „C:\Program Files (x86)\MSBuild\Microsoft\.NetNative\ARM\ilc\IlcInternals.targets” z projektu „C:\Users\gurbi\Desktop\App3\App3\Unnamed_1” (punkt wejścia):"
"Message",Low,"Wykonano kompilowanie elementu docelowego „Build” w projekcie „Unnamed_1”."
"Message",Low,"Kompilowanie projektu „Unnamed_1” wykonane."
"Message",Low,"Kompilacja powiodła się."
